,result_code,prompt_id,model_name,impact_area,model_output,token_count,timestamp,score,explanation
0,5840,GENDER_EQUALITY_PROMPT,gpt-4o,Gender,"{ ""score"": 0, ""explanation"": ""The research result focuses on transitioning data collection from paper-based to digital methods for groundwater monitoring. It does not address or contribute to CGIAR's gender equality objectives, as it lacks any mention of gender-related issues or implications."" }",1113,2024-11-14T14:50:00.148,0,"The research result focuses on transitioning data collection from paper-based to digital methods for groundwater monitoring. It does not address or contribute to CGIAR's gender equality objectives, as it lacks any mention of gender-related issues or implications."
1,8480,GENDER_EQUALITY_PROMPT,gpt-4o,Gender,"{ ""score"": 0, ""explanation"": ""The research focuses on sustainable management approaches to mitigate agriculture-driven nature loss, with an emphasis on biodiversity and ecosystem services. It does not address or contribute to CGIAR's gender equality objectives, as there is no mention of gender dynamics, roles, or disparities in the study's description or objectives."" }",1131,2024-11-14T14:50:00.311,0,"The research focuses on sustainable management approaches to mitigate agriculture-driven nature loss, with an emphasis on biodiversity and ecosystem services. It does not address or contribute to CGIAR's gender equality objectives, as there is no mention of gender dynamics, roles, or disparities in the study's description or objectives."
2,5569,GENDER_EQUALITY_PROMPT,gpt-4o,Gender,"{ ""score"": 0, ""explanation"": ""The research result focuses on maize market segments and breeding program strategies in Zambia, with no mention or implication of gender equality objectives. It does not address gender roles, disparities, or empowerment, thus not aligning with CGIAR's gender equality goals."" }",1040,2024-11-14T14:50:00.337,0,"The research result focuses on maize market segments and breeding program strategies in Zambia, with no mention or implication of gender equality objectives. It does not address gender roles, disparities, or empowerment, thus not aligning with CGIAR's gender equality goals."
3,6588,GENDER_EQUALITY_PROMPT,gpt-4o,Gender,"{ ""score"": 0, ""explanation"": ""The research focuses on the impact of altitude and temperature on banana pests and diseases, with no mention or consideration of gender equality objectives. It does not address gender roles, disparities, or empowerment, and is unrelated to CGIAR's gender equality goals."" }",1242,2024-11-14T14:50:00.344,0,"The research focuses on the impact of altitude and temperature on banana pests and diseases, with no mention or consideration of gender equality objectives. It does not address gender roles, disparities, or empowerment, and is unrelated to CGIAR's gender equality goals."
4,6461,GENDER_EQUALITY_PROMPT,gpt-4o,Gender,"{ ""score"": 0, ""explanation"": ""The research focuses on governance for sustainability transformation in the aquaculture sector, emphasizing system-based approaches and interconnected sustainability issues. It does not specifically address or contribute to CGIAR's gender equality objectives, as there is no mention of gender dynamics, women's roles, or gender inclusivity in the described engagement arenas."" }",1125,2024-11-14T14:50:00.362,0,"The research focuses on governance for sustainability transformation in the aquaculture sector, emphasizing system-based approaches and interconnected sustainability issues. It does not specifically address or contribute to CGIAR's gender equality objectives, as there is no mention of gender dynamics, women's roles, or gender inclusivity in the described engagement arenas."
5,6753,GENDER_EQUALITY_PROMPT,gpt-4o,Gender,"```json
{ ""score"": 0, ""explanation"": ""The research result focuses on climate resilience and food security in Asian river deltas, with no mention of gender equality or related objectives. It does not address CGIAR's gender equality goals, such as closing the gender gap or providing gender-inclusive opportunities."" }
```",1145,2024-11-14T14:50:00.371,0,"The research result focuses on climate resilience and food security in Asian river deltas, with no mention of gender equality or related objectives. It does not address CGIAR's gender equality goals, such as closing the gender gap or providing gender-inclusive opportunities."
6,8470,GENDER_EQUALITY_PROMPT,gpt-4o,Gender,"{ ""score"": 0, ""explanation"": ""The research focuses on developing a Digital Twin for water resources management in the Limpopo River Basin, emphasizing technological and data-driven solutions for managing water resources. There is no mention of gender equality, women's roles, or gender dynamics in the description, indicating that the research does not address or contribute to CGIAR's gender equality objectives."" }",1098,2024-11-14T14:50:00.406,0,"The research focuses on developing a Digital Twin for water resources management in the Limpopo River Basin, emphasizing technological and data-driven solutions for managing water resources. There is no mention of gender equality, women's roles, or gender dynamics in the description, indicating that the research does not address or contribute to CGIAR's gender equality objectives."
7,1020,GENDER_EQUALITY_PROMPT,gpt-4o,Gender,"{ ""score"": 0, ""explanation"": ""The research focuses on climate change impacts and adaptation practices for cocoa management in West Africa, specifically targeting smallholder producers for climate resilience. There is no mention of gender equality, women's empowerment, or addressing gender disparities, which are key objectives of CGIAR's gender equality goals. Therefore, it does not align with or contribute to CGIAR's gender equality objectives."" }",1104,2024-11-14T14:50:00.953,0,"The research focuses on climate change impacts and adaptation practices for cocoa management in West Africa, specifically targeting smallholder producers for climate resilience. There is no mention of gender equality, women's empowerment, or addressing gender disparities, which are key objectives of CGIAR's gender equality goals. Therefore, it does not align with or contribute to CGIAR's gender equality objectives."
8,9010,GENDER_EQUALITY_PROMPT,gpt-4o,Gender,"{ ""score"": 0, ""explanation"": ""The research result does not mention or focus on gender equality objectives. It describes the use of guides and evidence by partners to roll out STIBs in learning labs, without any reference to gender dynamics or contributions to CGIAR's gender equality goals."" }",1012,2024-11-14T14:50:01.753,0,"The research result does not mention or focus on gender equality objectives. It describes the use of guides and evidence by partners to roll out STIBs in learning labs, without any reference to gender dynamics or contributions to CGIAR's gender equality goals."
9,9786,GENDER_EQUALITY_PROMPT,gpt-4o,Gender,"{ ""score"": 0, ""explanation"": ""The research focuses on genomic regions and traits related to drought adaptation in durum wheat, with no mention or consideration of gender equality objectives. It does not address gender roles, disparities, or empowerment, and is unrelated to CGIAR's gender equality goals."" }",1403,2024-11-14T14:50:01.812,0,"The research focuses on genomic regions and traits related to drought adaptation in durum wheat, with no mention or consideration of gender equality objectives. It does not address gender roles, disparities, or empowerment, and is unrelated to CGIAR's gender equality goals."
10,10117,GENDER_EQUALITY_PROMPT,gpt-4o,Gender,"{ ""score"": 0, ""explanation"": ""The research focuses on empowering youth in the context of sustainable livestock transformation, with no specific emphasis on gender equality or addressing gender disparities. The primary objective is youth engagement, not gender-related issues, thus it does not align with CGIAR's gender equality objectives."" }",1063,2024-11-14T14:50:01.836,0,"The research focuses on empowering youth in the context of sustainable livestock transformation, with no specific emphasis on gender equality or addressing gender disparities. The primary objective is youth engagement, not gender-related issues, thus it does not align with CGIAR's gender equality objectives."
11,10333,GENDER_EQUALITY_PROMPT,gpt-4o,Gender,"{ ""score"": 0, ""explanation"": ""The research focuses on establishing Living Labs for sustainable and low-emission food systems, with no mention of gender equality or specific contributions to CGIAR's gender equality objectives. The primary focus is on environmental sustainability and innovation, not on addressing gender disparities or promoting gender inclusivity."" }",1148,2024-11-14T14:50:01.923,0,"The research focuses on establishing Living Labs for sustainable and low-emission food systems, with no mention of gender equality or specific contributions to CGIAR's gender equality objectives. The primary focus is on environmental sustainability and innovation, not on addressing gender disparities or promoting gender inclusivity."
12,10300,GENDER_EQUALITY_PROMPT,gpt-4o,Gender,"{ ""score"": 0, ""explanation"": ""The research result focuses on water management and transboundary cooperation, with no mention of gender equality or related objectives. It does not address CGIAR's gender equality goals, such as closing the gender gap or providing opportunities for women and young people, thus it is tagged as 'Not Targeted' (0)."" }",1188,2024-11-14T14:50:02.028,0,"The research result focuses on water management and transboundary cooperation, with no mention of gender equality or related objectives. It does not address CGIAR's gender equality goals, such as closing the gender gap or providing opportunities for women and young people, thus it is tagged as 'Not Targeted' (0)."
13,9549,GENDER_EQUALITY_PROMPT,gpt-4o,Gender,"{ ""score"": 0, ""explanation"": ""The research result focuses on the development and replication of an Online Water Accounting Dashboard for various basins. There is no mention of gender equality, women's empowerment, or any related gender dynamics in the description. The primary focus is on water management and accounting, which does not align with CGIAR's specific objectives in promoting gender equality."" }",1132,2024-11-14T14:50:02.093,0,"The research result focuses on the development and replication of an Online Water Accounting Dashboard for various basins. There is no mention of gender equality, women's empowerment, or any related gender dynamics in the description. The primary focus is on water management and accounting, which does not align with CGIAR's specific objectives in promoting gender equality."
14,10728,GENDER_EQUALITY_PROMPT,gpt-4o,Gender,"{ ""score"": 0, ""explanation"": ""The research focuses on deforestation dynamics in Peru, examining land use, food systems, and socio-economic drivers. While it addresses environmental and socio-economic issues, it does not specifically target or contribute to CGIAR's gender equality objectives. There is no mention of gender dynamics, women's empowerment, or closing gender gaps, which are key criteria for assigning a higher gender equality impact tag."" }",1249,2024-11-14T14:50:02.279,0,"The research focuses on deforestation dynamics in Peru, examining land use, food systems, and socio-economic drivers. While it addresses environmental and socio-economic issues, it does not specifically target or contribute to CGIAR's gender equality objectives. There is no mention of gender dynamics, women's empowerment, or closing gender gaps, which are key criteria for assigning a higher gender equality impact tag."
15,11288,GENDER_EQUALITY_PROMPT,gpt-4o,Gender,"{ ""score"": 0, ""explanation"": ""The research focuses on establishing a multi-stakeholder knowledge sharing platform for mixed farming systems, aiming to improve farm productivity and resource management. While it mentions inclusivity and diverse groups, it does not specifically address or prioritize gender equality objectives, such as closing the gender gap or providing gender-specific opportunities, as outlined by CGIAR."" }",1119,2024-11-14T14:50:02.958,0,"The research focuses on establishing a multi-stakeholder knowledge sharing platform for mixed farming systems, aiming to improve farm productivity and resource management. While it mentions inclusivity and diverse groups, it does not specifically address or prioritize gender equality objectives, such as closing the gender gap or providing gender-specific opportunities, as outlined by CGIAR."
16,10287,GENDER_EQUALITY_PROMPT,gpt-4o,Gender,"{ ""score"": 0, ""explanation"": ""The research result focuses on fostering digital innovations among youth in rural communities, with an emphasis on improving agricultural practices and water management. There is no mention of gender equality objectives or specific efforts to address gender disparities, making it unrelated to CGIAR's gender equality goals."" }",1154,2024-11-14T14:50:03.277,0,"The research result focuses on fostering digital innovations among youth in rural communities, with an emphasis on improving agricultural practices and water management. There is no mention of gender equality objectives or specific efforts to address gender disparities, making it unrelated to CGIAR's gender equality goals."
17,10253,GENDER_EQUALITY_PROMPT,gpt-4o,Gender,"{ ""score"": 0, ""explanation"": ""The research focuses on sustainable rangeland management with an emphasis on biophysical and sociocultural aspects for resilience in pastoral systems. There is no mention of gender equality, women's empowerment, or addressing gender disparities, indicating that the research does not align with CGIAR's specific gender equality objectives."" }",1003,2024-11-14T14:50:03.303,0,"The research focuses on sustainable rangeland management with an emphasis on biophysical and sociocultural aspects for resilience in pastoral systems. There is no mention of gender equality, women's empowerment, or addressing gender disparities, indicating that the research does not align with CGIAR's specific gender equality objectives."
18,10236,GENDER_EQUALITY_PROMPT,gpt-4o,Gender,"{ ""score"": 0, ""explanation"": ""The title 'Souss Massa Water Accounting Dashboard website' does not indicate any focus on gender equality objectives. There is no mention of gender, women, or empowerment, suggesting that the research is unrelated to CGIAR's gender equality goals. It likely focuses on water accounting without addressing gender disparities or inclusivity."" }",960,2024-11-14T14:50:03.485,0,"The title 'Souss Massa Water Accounting Dashboard website' does not indicate any focus on gender equality objectives. There is no mention of gender, women, or empowerment, suggesting that the research is unrelated to CGIAR's gender equality goals. It likely focuses on water accounting without addressing gender disparities or inclusivity."
19,10108,GENDER_EQUALITY_PROMPT,gpt-4o,Gender,"{ ""score"": 0, ""explanation"": ""The research on Integrated Agriculture-Aquaculture (IAA) systems focuses on improving food production systems by integrating aquatic and terrestrial farming. It emphasizes production diversity, land productivity, water efficiency, and nutrient cycling, but does not address or contribute to CGIAR's gender equality objectives. There is no mention of gender roles, disparities, or empowerment, making it unrelated to gender equality."" }",1133,2024-11-14T14:50:03.515,0,"The research on Integrated Agriculture-Aquaculture (IAA) systems focuses on improving food production systems by integrating aquatic and terrestrial farming. It emphasizes production diversity, land productivity, water efficiency, and nutrient cycling, but does not address or contribute to CGIAR's gender equality objectives. There is no mention of gender roles, disparities, or empowerment, making it unrelated to gender equality."
