result_code,prompt_id,model_name,perspective,model_output,token_count,timestamp
37,POVERTY_REDUCTION_PROMPT,gpt-4o,"Poverty Reduction, Livelihoods, and Jobs","{""score"": 1, ""explanation"": ""The research on bean breeding networks in Africa contributes to CGIAR's objectives by improving crop resilience and marketability, which can indirectly support income generation and livelihoods. However, the primary focus is on agricultural productivity and resilience, not directly on poverty reduction or job creation.""}",2125,2024-11-02 07:03:05.219958
37,ENVIRONMENTAL_HEALTH_PROMPT,gpt-4o-mini,Environmental Health and Biodiversity,"{ ""score"": 2, ""explanation"": ""The research focuses on developing drought- and heat-resilient bean varieties, which directly contributes to CGIAR's objectives of maintaining genetic diversity and promoting agricultural resilience in the face of climate change. The primary goal of the breeding efforts is to enhance environmental health by improving soil fertility and providing nutritious food, aligning closely with CGIAR's objectives."" }",2145,2024-11-02 07:03:05.252527
37,POVERTY_REDUCTION_PROMPT,gpt-4o-mini,"Poverty Reduction, Livelihoods, and Jobs","{ ""score"": 2, ""explanation"": ""The research focuses on developing drought- and heat-resilient, biofortified bean varieties that directly address food security and income generation for over 200 million Africans. This aligns with CGIAR's objectives of poverty reduction and improving livelihoods, as the primary goal is to enhance agricultural productivity and market access, which are essential for lifting communities out of poverty."" }",2125,2024-11-02 07:03:05.601442
37,ENVIRONMENTAL_HEALTH_PROMPT,gpt-4o,Environmental Health and Biodiversity,"```json
{
  ""score"": 1,
  ""explanation"": ""The research focuses on developing drought- and heat-resilient, biofortified bean varieties, which indirectly supports environmental health by improving soil fertility and resilience to climate change. However, the primary focus is on agricultural productivity and market demands, not directly on environmental health or biodiversity conservation.""
}
```",2145,2024-11-02 07:03:06.042522
37,NUTRITION_PROMPT,gpt-4o,"Nutrition, Health, and Food Security","{""score"": 2, ""explanation"": ""The research focuses on developing biofortified bean varieties, which directly contributes to improving nutrition by providing essential micronutrients. This aligns with CGIAR's objectives of ending hunger and improving access to nutritious food, making nutrition a principal focus of the study.""}",2115,2024-11-02 07:03:06.294167
37,NUTRITION_PROMPT,gpt-4o-mini,"Nutrition, Health, and Food Security","{ ""score"": 2, ""explanation"": ""The research focuses on developing biofortified bean varieties that directly address nutrition by providing essential micronutrients and improving food security for over 200 million Africans. The primary objective is to enhance the nutritional quality of staple foods, aligning closely with CGIAR's goals of ending hunger and improving health outcomes."" }",2115,2024-11-02 07:03:06.311218
37,CLIMATE_CHANGE_PROMPT,gpt-4o,Climate Change,"{""score"": 2, ""explanation"": ""The research focuses on developing drought- and heat-resilient bean varieties, directly contributing to climate adaptation by enhancing crop resilience to climate impacts. This aligns with CGIAR's objective of equipping small-scale producers to be more resilient to climate impacts by 2030, making climate adaptation a principal focus of the study.""}",2096,2024-11-02 07:03:06.574802
37,CLIMATE_CHANGE_PROMPT,gpt-4o-mini,Climate Change,"{ ""score"": 2, ""explanation"": ""The research focuses on developing drought- and heat-resilient bean varieties, which directly addresses climate adaptation objectives by enhancing the resilience of crops to climate impacts. The primary goal of the breeding efforts is to improve agricultural practices in response to climate change, aligning closely with CGIAR's objectives."" }",2096,2024-11-02 07:03:07.033527
37,GENDER_EQUALITY_PROMPT,gpt-4o-mini,Gender Equality,"{ ""score"": 0, ""explanation"": ""The research focuses on bean breeding for drought and heat resilience, primarily addressing agricultural productivity and market demands without any mention of gender dynamics or contributions to gender equality objectives. It does not align with CGIAR's goals of promoting gender equality."" }",2068,2024-11-02 07:03:07.407316
37,GENDER_EQUALITY_PROMPT,gpt-4o,Gender Equality,"{ ""score"": 0, ""explanation"": ""The research focuses on bean breeding for drought and heat resilience, biofortification, and market demands, without addressing gender equality objectives. There is no mention of gender roles, disparities, or empowerment, indicating it does not contribute to CGIAR's gender equality goals."" }",2068,2024-11-02 07:03:07.443907
